{"animations":[{"name":"myAnimationcamera","property":"position","framePerSecond":60,"dataType":1,"loopBehavior":2,"blendingSpeed":0.01,"keys":[{"frame":0,"values":[-257,571,-628.6602540378444,null,[1.48,-1.97,0.3933012701892221]]},{"frame":198.74557449338,"values":[30.69579284357269,177,-550,[0,0,1.06784310773736],[0,0,1.067843107737163],0]},{"frame":400,"values":[39,75,-57,[0,-0.51,2.465]]}],"ranges":[]}]}